{"segments":[{"from_p":{"idx":2,"x":2.0,"y":4.0},"to_p":{"idx":3,"x":0.0,"y":3.0},"distance":2.23606797749979,"pheromone":0.7794689852384035,"probability":null},{"from_p":{"idx":3,"x":0.0,"y":3.0},"to_p":{"idx":1,"x":1.0,"y":0.0},"distance":3.1622776601683795,"pheromone":0.47887107001679596,"probability":null},{"from_p":{"idx":1,"x":1.0,"y":0.0},"to_p":{"idx":4,"x":5.0,"y":0.0},"distance":4.0,"pheromone":0.7211320215869257,"probability":null}],"total_distance":9.39834563766817}